,acousticness,danceability,energy,instrumentalness,loudness,tempo,liveness,valence,genre
0,0.703,0.605,0.228,0.00198,-16.116,78.31,0.0936,0.285,country
0,0.567,0.613,0.355,0.0,-8.218,135.622,0.0909,0.129,country
0,0.19,0.634,0.808,0.0,-4.12,82.021,0.0898,0.937,country
0,0.337,0.606,0.702,0.0,-4.691,84.969,0.13,0.632,country
0,0.0986,0.723,0.674,1.83e-05,-7.427,124.9,0.279,0.61,country
0,0.0369,0.494,0.878,0.0,-4.333,138.827,0.102,0.569,country
0,0.0471,0.607,0.815,2.81e-05,-6.619,136.949,0.111,0.57,country
0,0.7,0.611,0.246,2.59e-05,-9.296,114.006,0.236,0.284,country
0,0.0552,0.479,0.615,0.0,-7.107,132.62,0.0526,0.214,country
0,0.418,0.65,0.712,2.28e-05,-8.25,94.292,0.04,0.921,country
0,0.54,0.66,0.34,0.0,-10.113,108.946,0.0804,0.384,country
0,0.0566,0.646,0.479,0.0,-9.823,137.703,0.0517,0.674,country
0,0.118,0.663,0.48,0.000387,-9.267,95.912,0.165,0.218,country
0,0.27,0.629,0.391,6.56e-06,-13.625,92.878,0.397,0.481,country
0,0.0711,0.795,0.582,0.0,-10.156,121.798,0.12,0.965,country
0,0.691,0.666,0.296,3.73e-06,-15.412,80.006,0.0552,0.392,country
0,0.146,0.462,0.485,2.24e-06,-7.533,168.374,0.0604,0.506,country
0,0.0906,0.596,0.539,0.0,-8.861,77.43,0.247,0.642,country
0,0.0721,0.764,0.587,6.45e-06,-7.002,89.98,0.094,0.494,country
0,0.374,0.328,0.124,0.000515,-17.134,66.791,0.15,0.195,country
0,0.24,0.44,0.765,4.73e-05,-5.973,184.257,0.349,0.792,country
0,0.279,0.555,0.437,2.5e-06,-13.131,88.729,0.0782,0.517,country
0,0.142,0.671,0.339,0.0,-16.098,86.292,0.293,0.847,country
0,0.512,0.52,0.154,0.000145,-12.164,110.734,0.103,0.167,country
0,0.326,0.707,0.652,2.92e-06,-9.586,126.726,0.0809,0.856,country
0,0.325,0.627,0.664,0.0,-9.035,131.983,0.653,0.669,country
0,0.354,0.715,0.775,0.0,-6.613,106.013,0.144,0.803,country
0,0.585,0.581,0.365,7e-06,-9.536,76.53,0.0792,0.171,country
0,0.191,0.676,0.733,0.0,-7.745,98.234,0.192,0.591,country
0,0.164,0.674,0.578,0.0,-10.919,172.498,0.103,0.961,country
0,0.671,0.64,0.534,0.0,-10.594,148.735,0.0943,0.734,country
0,0.473,0.56,0.239,1.37e-05,-16.732,201.672,0.0565,0.601,country
0,0.508,0.608,0.26,1.46e-06,-12.14,72.398,0.112,0.301,country
0,0.542,0.563,0.429,0.0,-9.918,89.338,0.115,0.385,country
0,0.421,0.406,0.517,0.0,-7.182,153.732,0.123,0.388,country
0,0.377,0.65,0.534,0.0,-10.391,94.558,0.0416,0.428,country
0,0.532,0.686,0.622,0.0,-7.31,163.245,0.0511,0.982,country
0,0.458,0.916,0.57,0.000721,-13.011,104.415,0.0595,0.957,country
0,0.562,0.764,0.455,1.61e-05,-10.336,137.148,0.0756,0.707,country
0,0.06,0.673,0.842,0.000257,-4.627,125.571,0.184,0.897,country
0,0.167,0.514,0.55,8.25e-05,-10.162,93.023,0.107,0.552,country
0,0.116,0.727,0.381,0.000295,-12.473,117.543,0.166,0.705,country
0,0.0253,0.596,0.737,0.0,-9.332,158.584,0.106,0.8,country
0,0.377,0.5,0.202,0.00135,-14.746,82.972,0.0878,0.334,country
0,0.0522,0.471,0.617,0.0,-8.394,182.323,0.229,0.491,country
0,0.174,0.631,0.37,0.0,-13.002,127.996,0.076,0.277,country
0,0.237,0.871,0.714,1.94e-06,-6.413,106.797,0.072,0.962,country
0,0.249,0.377,0.326,0.000686,-12.515,163.741,0.111,0.222,country
0,0.148,0.588,0.442,0.0,-9.71,135.476,0.0445,0.402,country
0,0.19,0.552,0.384,3.3e-05,-9.641,139.986,0.0852,0.286,country
0,0.597,0.644,0.667,0.0,-5.741,125.86,0.12,0.412,country
0,0.22,0.621,0.469,3.34e-05,-10.438,144.665,0.067,0.511,country
0,0.717,0.67,0.265,1.06e-06,-12.741,117.799,0.102,0.255,country
0,0.548,0.662,0.517,0.0,-8.849,76.568,0.325,0.598,country
0,0.519,0.452,0.712,1.55e-06,-9.69,164.132,0.189,0.844,country
0,0.393,0.661,0.389,1.04e-06,-12.292,124.147,0.0902,0.515,country
0,0.314,0.572,0.449,0.0,-6.566,122.632,0.0301,0.207,country
0,0.68,0.766,0.336,0.00357,-15.641,106.053,0.251,0.487,country
0,0.481,0.729,0.651,0.0,-8.184,107.925,0.0509,0.513,country
0,0.601,0.718,0.378,1.81e-05,-15.851,118.989,0.0525,0.961,country
0,0.282,0.523,0.399,7.96e-06,-13.065,154.931,0.113,0.495,country
0,0.154,0.64,0.584,0.000798,-11.064,141.076,0.171,0.89,country
0,0.196,0.634,0.373,1.38e-05,-10.506,107.694,0.0951,0.596,country
0,0.546,0.426,0.27,0.0,-15.245,190.85,0.0583,0.331,country
0,0.726,0.654,0.259,0.0,-16.728,112.1,0.0541,0.466,country
0,0.594,0.391,0.408,0.0,-7.0,69.399,0.309,0.273,country
0,0.496,0.573,0.656,3.41e-05,-5.564,140.036,0.0991,0.547,country
0,0.00204,0.487,0.859,0.0,-4.403,148.037,0.322,0.377,country
0,0.815,0.459,0.0565,0.0,-20.923,125.152,0.105,0.386,country
0,0.428,0.665,0.462,4.06e-06,-10.612,93.104,0.102,0.427,country
0,0.77,0.581,0.441,2.75e-05,-6.829,82.125,0.111,0.337,country
0,0.167,0.645,0.552,2.33e-05,-7.623,102.881,0.0718,0.214,country
0,0.162,0.504,0.759,0.0,-4.27,143.984,0.193,0.413,country
0,0.734,0.438,0.444,0.0,-8.383,166.93,0.0844,0.291,country
0,0.175,0.398,0.804,0.0,-5.559,186.752,0.181,0.709,country
0,0.281,0.583,0.394,9.86e-06,-7.73,120.049,0.0781,0.184,country
0,0.501,0.441,0.553,0.0,-5.105,147.733,0.121,0.189,country
0,0.629,0.518,0.352,0.0,-9.089,76.984,0.13,0.396,country
0,0.294,0.592,0.442,0.0,-7.258,138.094,0.154,0.256,country
0,0.14,0.505,0.763,0.0,-5.386,156.024,0.0949,0.446,country
0,0.419,0.733,0.717,0.000339,-9.224,113.232,0.344,0.7,country
0,0.683,0.384,0.222,0.0,-11.1,146.532,0.204,0.3,country
0,0.239,0.324,0.574,0.0,-5.647,74.101,0.143,0.335,country
0,0.211,0.438,0.661,0.0,-5.189,75.989,0.0865,0.319,country
0,0.903,0.374,0.0228,3.4e-06,-17.135,133.821,0.0961,0.178,country
0,0.309,0.628,0.708,1.32e-06,-7.045,111.047,0.109,0.276,country
0,0.0237,0.5,0.665,6.41e-05,-7.157,154.997,0.0994,0.32,country
0,0.191,0.467,0.701,0.0,-4.997,132.041,0.0769,0.28,country
0,0.65,0.617,0.468,0.0,-6.908,119.921,0.141,0.333,country
0,0.827,0.574,0.265,2.25e-05,-11.3,143.808,0.133,0.394,country
0,0.64,0.581,0.46,0.0,-8.053,82.952,0.0893,0.259,country
0,0.502,0.732,0.667,4.07e-06,-9.278,125.6,0.0524,0.727,country
0,0.341,0.56,0.736,9.81e-06,-7.306,79.843,0.155,0.824,country
0,0.523,0.575,0.332,0.0,-12.19,135.01,0.101,0.366,country
0,0.38,0.378,0.234,0.0,-12.396,143.46,0.214,0.202,country
0,0.42,0.431,0.584,0.0,-6.025,146.176,0.142,0.181,country
0,0.346,0.805,0.575,0.0,-11.882,123.203,0.109,0.975,country
0,0.24,0.563,0.745,4.96e-05,-4.753,121.015,0.11,0.28,country
0,0.847,0.317,0.186,0.00285,-10.991,110.56,0.103,0.0924,country
0,0.61,0.528,0.456,4.62e-05,-5.618,99.092,0.19,0.164,country
0,0.937,0.406,0.0963,0.703,-26.651,79.926,0.139,0.0563,classical
0,0.87,0.467,0.37,6.59e-06,-8.901,148.74,0.119,0.197,classical
0,0.911,0.616,0.369,0.0,-8.595,147.903,0.102,0.145,classical
0,0.163,0.653,0.485,0.932,-16.17,120.004,0.174,0.2,classical
0,0.927,0.161,0.103,0.946,-21.268,75.659,0.103,0.11,classical
0,0.887,0.517,0.389,0.38,-17.285,116.917,0.0982,0.0363,classical
0,0.98,0.391,0.0152,0.927,-25.745,76.161,0.104,0.141,classical
0,0.988,0.32,0.0201,0.952,-34.733,100.94,0.217,0.16,classical
0,0.984,0.418,0.269,0.867,-11.773,135.92,0.0983,0.168,classical
0,0.935,0.293,0.112,0.849,-19.112,114.769,0.111,0.039,classical
0,0.994,0.169,0.0284,0.875,-29.155,68.101,0.0965,0.227,classical
0,0.978,0.135,0.0891,0.906,-21.461,59.515,0.106,0.0435,classical
0,0.756,0.575,0.403,0.391,-13.236,121.97,0.109,0.0554,classical
0,0.784,0.287,0.292,0.000723,-8.32,86.736,0.0879,0.142,classical
0,0.961,0.584,0.239,0.91,-23.295,140.004,0.157,0.147,classical
0,0.76,0.453,0.426,0.392,-12.793,148.063,0.0976,0.356,classical
0,0.983,0.27,0.184,0.94,-14.681,99.428,0.107,0.11,classical
0,0.96,0.558,0.299,0.911,-16.063,140.008,0.104,0.0485,classical
0,0.886,0.281,0.0961,0.0113,-18.236,100.587,0.0859,0.132,classical
0,0.993,0.169,0.0156,0.973,-35.316,101.177,0.0953,0.0868,classical
0,0.533,0.655,0.458,0.794,-8.651,120.006,0.114,0.0729,classical
0,0.956,0.33,0.0815,0.969,-19.277,135.169,0.0907,0.0389,classical
0,0.839,0.564,0.44,0.000226,-12.317,187.868,0.101,0.313,classical
0,0.935,0.372,0.0714,0.964,-22.732,101.06,0.111,0.0666,classical
0,0.985,0.392,0.0351,0.93,-21.661,102.905,0.0912,0.205,classical
0,0.902,0.622,0.312,0.401,-16.105,80.514,0.109,0.228,classical
0,0.993,0.365,0.0341,0.923,-25.934,63.501,0.0867,0.104,classical
0,0.992,0.204,0.167,0.779,-17.264,135.288,0.107,0.0812,classical
0,0.734,0.482,0.279,0.0551,-15.37,92.586,0.106,0.101,classical
0,0.98,0.151,0.099,0.798,-22.14,62.421,0.0979,0.0366,classical
0,0.988,0.324,0.0313,0.936,-29.435,63.542,0.125,0.145,classical
0,0.989,0.338,0.145,0.916,-17.81,176.054,0.0913,0.21,classical
0,0.761,0.617,0.248,0.599,-14.998,161.903,0.114,0.619,classical
0,0.765,0.737,0.351,0.0199,-13.31,112.989,0.113,0.304,classical
0,0.175,0.583,0.6,0.0,-5.74,132.08,0.1,0.37,classical
0,0.991,0.326,0.0771,0.931,-27.056,71.77,0.075,0.0363,classical
0,0.934,0.209,0.152,0.15,-13.564,76.779,0.106,0.165,classical
0,0.993,0.444,0.0311,0.938,-23.695,109.477,0.194,0.0511,classical
0,0.981,0.386,0.0436,0.0275,-16.915,141.639,0.0977,0.187,classical
0,0.196,0.381,0.639,0.453,-11.56,136.55,0.378,0.128,classical
0,0.941,0.271,0.0977,0.924,-22.193,120.87,0.105,0.0413,classical
0,0.996,0.124,0.0924,0.848,-31.726,205.999,0.0935,0.135,classical
0,0.948,0.267,0.132,0.911,-19.743,119.017,0.0945,0.0375,classical
0,0.985,0.289,0.0601,0.0117,-22.718,63.613,0.0933,0.0992,classical
0,0.924,0.429,0.2,0.0081,-12.981,103.777,0.106,0.148,classical
0,0.815,0.272,0.313,0.189,-14.913,78.549,0.112,0.118,classical
0,0.971,0.444,0.43,0.954,-17.202,147.79,0.115,0.45,classical
0,0.983,0.172,0.0406,0.985,-24.294,104.994,0.0703,0.0371,classical
0,0.859,0.13,0.199,0.852,-15.216,85.294,0.107,0.0342,classical
0,0.985,0.367,0.0367,0.944,-23.052,69.542,0.0919,0.0814,classical
0,0.054,0.483,0.483,0.87,-11.365,77.795,0.0524,0.154,classical
0,0.62,0.729,0.456,0.000133,-6.795,110.999,0.0919,0.221,classical
0,0.974,0.405,0.101,0.924,-21.481,130.117,0.0929,0.0467,classical
0,0.992,0.216,0.087,0.917,-23.958,68.365,0.134,0.171,classical
0,0.763,0.374,0.415,0.469,-12.693,90.201,0.137,0.115,classical
0,0.994,0.185,0.0746,0.946,-29.067,160.664,0.128,0.48,classical
0,0.973,0.408,0.0765,0.0029,-18.25,142.68,0.0795,0.168,classical
0,0.904,0.207,0.0748,0.9,-22.754,48.232,0.0571,0.0385,classical
0,0.842,0.242,0.127,0.0702,-16.607,130.214,0.136,0.0749,classical
0,0.789,0.515,0.367,0.701,-9.076,120.024,0.0495,0.14,classical
0,0.984,0.0775,0.103,0.62,-19.984,79.195,0.1,0.0488,classical
0,0.976,0.082,0.0158,0.988,-33.355,170.441,0.0855,0.0377,classical
0,0.251,0.716,0.612,0.934,-11.662,123.012,0.105,0.267,classical
0,0.471,0.251,0.318,0.294,-11.825,147.915,0.267,0.361,classical
0,0.962,0.243,0.122,0.929,-23.828,151.68,0.161,0.087,classical
0,0.988,0.516,0.132,0.00721,-15.852,87.332,0.108,0.25,classical
0,0.972,0.244,0.12,0.768,-19.249,79.285,0.284,0.0323,classical
0,0.964,0.499,0.0837,0.948,-22.531,75.488,0.101,0.104,classical
0,0.93,0.522,0.0498,0.907,-24.879,99.97,0.126,0.0717,classical
0,0.724,0.399,0.252,0.87,-13.16,110.071,0.112,0.107,classical
0,0.989,0.223,0.0978,0.932,-20.096,73.135,0.105,0.13,classical
0,0.991,0.4,0.0375,0.949,-23.292,121.836,0.108,0.094,classical
0,0.978,0.224,0.0231,0.865,-25.808,69.709,0.095,0.0644,classical
0,0.909,0.0887,0.103,0.923,-18.012,69.431,0.0697,0.0381,classical
0,0.986,0.177,0.156,0.908,-18.351,69.858,0.0636,0.0445,classical
0,0.965,0.189,0.0753,0.784,-23.335,177.539,0.101,0.0372,classical
0,0.931,0.221,0.093,0.957,-23.238,102.96,0.0757,0.127,classical
0,0.954,0.173,0.0611,0.908,-25.657,93.118,0.111,0.0389,classical
0,0.886,0.161,0.0558,0.87,-21.394,75.687,0.0676,0.0379,classical
0,0.978,0.202,0.114,0.917,-18.45,115.899,0.167,0.0386,classical
0,0.995,0.329,0.0347,0.925,-28.317,84.204,0.0919,0.0548,classical
0,0.926,0.163,0.0754,0.895,-21.539,77.161,0.11,0.048,classical
0,0.941,0.513,0.49,0.913,-15.725,170.043,0.13,0.0398,classical
0,0.982,0.389,0.0616,0.802,-17.866,119.765,0.0663,0.119,classical
0,0.877,0.259,0.419,0.249,-12.689,105.06,0.0929,0.229,classical
0,0.726,0.22,0.266,0.91,-15.03,97.773,0.0969,0.0775,classical
0,0.792,0.0773,0.249,0.918,-17.089,48.421,0.081,0.0396,classical
0,0.882,0.524,0.226,0.79,-22.615,121.96,0.117,0.0311,classical
0,0.995,0.137,0.00965,0.917,-34.079,176.173,0.107,0.0895,classical
0,0.917,0.337,0.0846,0.87,-26.902,169.947,0.0825,0.0719,classical
0,0.973,0.398,0.0427,0.913,-28.55,134.796,0.104,0.0553,classical
0,0.895,0.591,0.37,0.733,-12.9,143.943,0.103,0.367,classical
0,0.923,0.329,0.145,0.00804,-19.674,179.054,0.11,0.181,classical
0,0.52,0.163,0.125,0.817,-26.134,72.212,0.112,0.0393,classical
0,0.939,0.127,0.169,0.911,-17.739,74.543,0.0886,0.0387,classical
0,0.97,0.369,0.198,0.93,-16.388,126.2,0.109,0.047,classical
0,0.979,0.0612,0.017,0.974,-25.783,62.232,0.0908,0.0307,classical
0,0.927,0.13,0.252,0.963,-16.189,60.555,0.137,0.134,classical
0,0.879,0.448,0.204,0.903,-16.652,119.94,0.424,0.0607,classical
0,0.888,0.297,0.123,0.897,-24.713,101.983,0.116,0.116,classical
0,0.0191,0.67,0.493,0.815,-12.115,100.02,0.0867,0.0781,electronic
0,0.00119,0.634,0.779,0.58,-10.199,125.018,0.118,0.0393,electronic
0,0.059,0.56,0.859,0.826,-9.272,122.016,0.149,0.129,electronic
0,0.0027,0.774,0.913,0.839,-6.576,122.008,0.359,0.038,electronic
0,0.337,0.768,0.649,0.913,-13.835,116.006,0.093,0.0456,electronic
0,0.000591,0.808,0.753,0.901,-6.78,123.008,0.0545,0.499,electronic
0,0.124,0.607,0.705,0.000239,-7.25,120.986,0.109,0.167,electronic
0,0.14,0.689,0.746,0.893,-9.377,125.006,0.108,0.045,electronic
0,0.269,0.757,0.524,0.917,-14.442,106.002,0.109,0.19,electronic
0,0.00375,0.767,0.587,0.884,-11.754,122.007,0.0711,0.506,electronic
0,0.0131,0.671,0.569,0.19,-12.401,120.0,0.106,0.433,electronic
0,0.0664,0.734,0.674,0.903,-9.457,121.996,0.192,0.0523,electronic
0,0.35,0.66,0.576,0.878,-12.941,122.001,0.0961,0.224,electronic
0,0.202,0.801,0.355,0.74,-14.245,116.003,0.423,0.513,electronic
0,0.134,0.826,0.69,0.661,-9.644,120.006,0.0995,0.176,electronic
0,0.000847,0.771,0.849,0.768,-7.241,119.994,0.0839,0.293,electronic
0,0.0229,0.598,0.561,0.557,-11.421,182.988,0.109,0.0385,electronic
0,0.000128,0.81,0.638,0.902,-7.258,123.002,0.111,0.193,electronic
0,0.0257,0.705,0.793,0.954,-10.826,124.002,0.0963,0.0644,electronic
0,0.0114,0.846,0.847,0.856,-8.928,120.01,0.132,0.354,electronic
0,0.118,0.982,0.478,0.74,-7.658,122.007,0.112,0.567,electronic
0,0.226,0.526,0.515,0.0539,-8.255,103.047,0.0944,0.0368,electronic
0,0.148,0.669,0.659,0.826,-10.457,122.989,0.0794,0.333,electronic
0,0.00639,0.784,0.425,0.868,-10.714,110.002,0.087,0.329,electronic
0,0.00152,0.77,0.697,0.882,-11.787,122.011,0.136,0.403,electronic
0,0.00692,0.785,0.879,0.753,-8.69,122.006,0.0576,0.0694,electronic
0,0.00562,0.727,0.701,0.862,-9.486,123.009,0.0927,0.526,electronic
0,0.000102,0.782,0.731,0.928,-10.33,124.998,0.118,0.0278,electronic
0,0.000966,0.677,0.703,0.93,-7.843,122.997,0.0791,0.244,electronic
0,0.0106,0.741,0.709,0.68,-11.157,121.978,0.0716,0.218,electronic
0,0.000193,0.811,0.82,0.837,-8.767,117.979,0.0804,0.558,electronic
0,0.0992,0.771,0.707,0.878,-9.835,123.007,0.0655,0.374,electronic
0,0.00894,0.638,0.869,0.825,-6.929,122.974,0.486,0.153,electronic
0,0.00212,0.725,0.682,0.906,-8.507,123.007,0.0785,0.342,electronic
0,0.0031,0.645,0.861,0.771,-11.057,127.99,0.226,0.293,electronic
0,0.0811,0.718,0.596,0.836,-8.641,125.996,0.669,0.0391,electronic
0,0.0367,0.595,0.54,0.903,-10.477,123.0,0.122,0.226,electronic
0,0.0376,0.677,0.744,0.547,-8.347,121.017,0.148,0.146,electronic
0,0.0019,0.497,0.812,0.101,-7.266,124.959,0.14,0.611,electronic
0,0.691,0.789,0.435,0.0418,-9.506,122.995,0.107,0.166,electronic
0,0.526,0.561,0.567,0.0256,-7.1,106.458,0.149,0.434,electronic
0,0.000173,0.809,0.794,0.877,-8.326,124.006,0.103,0.0977,electronic
0,0.00254,0.573,0.604,0.946,-12.664,125.986,0.132,0.4,electronic
0,0.00511,0.54,0.859,0.82,-9.008,120.001,0.0661,0.128,electronic
0,0.00461,0.758,0.563,0.864,-9.483,123.002,0.108,0.223,electronic
0,0.457,0.543,0.814,0.0643,-4.592,106.023,0.174,0.395,electronic
0,0.237,0.773,0.939,0.899,-5.792,122.981,0.0919,0.108,electronic
0,0.0232,0.593,0.682,0.395,-8.037,123.021,0.111,0.076,electronic
0,0.0209,0.807,0.563,0.152,-6.07,118.991,0.0836,0.654,electronic
0,0.0098,0.637,0.837,0.0296,-6.12,122.969,0.129,0.0517,electronic
0,0.00217,0.733,0.677,0.913,-12.152,123.007,0.0266,0.307,electronic
0,0.00056,0.692,0.821,0.831,-9.146,122.003,0.0631,0.434,electronic
0,0.0177,0.634,0.735,0.758,-11.032,124.249,0.0754,0.179,electronic
0,0.00525,0.57,0.779,0.891,-7.85,126.015,0.367,0.206,electronic
0,0.000132,0.648,0.747,0.597,-8.033,122.028,0.114,0.44,electronic
0,0.0203,0.699,0.829,0.276,-5.717,125.004,0.0953,0.514,electronic
0,0.0381,0.654,0.648,0.716,-6.788,122.988,0.113,0.318,electronic
0,0.0121,0.672,0.336,0.851,-9.384,120.994,0.14,0.311,electronic
0,0.396,0.609,0.74,0.749,-11.046,122.008,0.113,0.0391,electronic
0,0.000164,0.553,0.895,0.327,-6.46,125.966,0.284,0.0301,electronic
0,0.00404,0.633,0.788,0.0393,-4.695,123.05,0.398,0.304,electronic
0,0.00145,0.626,0.672,0.925,-6.53,126.985,0.423,0.44,electronic
0,0.00129,0.715,0.656,0.874,-9.393,126.004,0.0979,0.089,electronic
0,0.563,0.854,0.93,0.697,-7.528,123.998,0.0815,0.192,electronic
0,0.00104,0.738,0.851,0.437,-6.573,123.998,0.43,0.359,electronic
0,0.103,0.618,0.824,0.92,-9.238,124.999,0.0949,0.0656,electronic
0,0.000988,0.728,0.623,0.825,-11.81,120.006,0.0918,0.0381,electronic
0,0.00108,0.698,0.831,0.266,-7.095,123.988,0.161,0.138,electronic
0,0.356,0.599,0.539,5.38e-06,-5.897,121.947,0.102,0.188,electronic
0,0.013,0.767,0.633,0.934,-10.67,113.998,0.0906,0.131,electronic
0,0.00238,0.748,0.79,0.874,-10.116,110.003,0.0798,0.23,electronic
0,0.0788,0.742,0.656,0.826,-7.567,120.006,0.124,0.235,electronic
0,0.12,0.667,0.884,0.234,-6.304,125.023,0.1,0.189,electronic
0,0.559,0.498,0.467,0.224,-8.325,83.046,0.212,0.404,electronic
0,0.0763,0.684,0.731,0.852,-11.74,122.037,0.0468,0.414,electronic
0,0.00369,0.589,0.889,0.165,-7.62,124.988,0.127,0.309,electronic
0,0.00482,0.62,0.866,0.018,-5.97,121.963,0.34,0.0772,electronic
0,0.00312,0.63,0.8,0.779,-10.504,127.002,0.105,0.159,electronic
0,0.0106,0.669,0.823,0.955,-9.675,108.021,0.0944,0.0439,electronic
0,0.000827,0.685,0.737,0.506,-7.236,120.053,0.0941,0.0501,electronic
0,0.113,0.579,0.446,0.00295,-9.451,128.025,0.175,0.244,electronic
0,0.000376,0.554,0.83,0.851,-5.82,122.99,0.363,0.331,electronic
0,0.174,0.71,0.697,0.838,-9.569,122.006,0.134,0.352,electronic
0,0.172,0.525,0.781,0.748,-7.21,123.94,0.204,0.103,electronic
0,0.00122,0.743,0.569,0.681,-10.967,117.994,0.104,0.827,electronic
0,0.148,0.681,0.705,0.772,-7.866,118.016,0.12,0.0395,electronic
0,0.0201,0.602,0.826,0.895,-8.276,120.004,0.429,0.254,electronic
0,0.00209,0.49,0.864,0.0269,-4.165,128.047,0.169,0.0579,electronic
0,0.000455,0.689,0.456,0.882,-12.307,126.0,0.07,0.238,electronic
0,0.000561,0.643,0.882,0.856,-4.894,123.0,0.0689,0.194,electronic
0,0.689,0.523,0.718,0.939,-9.754,121.984,0.0733,0.151,electronic
0,0.0154,0.468,0.693,0.000186,-6.039,128.044,0.172,0.133,electronic
0,0.651,0.619,0.433,0.874,-15.85,112.994,0.0875,0.299,electronic
0,0.00116,0.786,0.551,0.837,-11.21,124.996,0.0604,0.0964,electronic
0,0.32,0.749,0.538,0.855,-8.96,120.008,0.0904,0.122,electronic
0,0.0025,0.618,0.721,0.85,-7.198,121.999,0.457,0.269,electronic
0,0.164,0.598,0.892,0.932,-8.287,122.951,0.478,0.486,electronic
0,0.00336,0.741,0.865,0.911,-11.851,124.013,0.114,0.303,electronic
0,0.165,0.718,0.693,0.815,-10.661,121.992,0.104,0.664,electronic
0,0.0723,0.56,0.691,0.246,-8.857,121.027,0.135,0.123,electronic
0,0.0111,0.814,0.482,1.57e-06,-10.493,148.404,0.0476,0.615,reggae
0,0.119,0.957,0.226,0.0358,-14.606,102.072,0.0796,0.768,reggae
0,0.0534,0.675,0.597,0.0,-11.329,108.875,0.0986,0.828,reggae
0,0.0683,0.718,0.637,1.15e-05,-6.606,104.117,0.292,0.559,reggae
0,0.422,0.937,0.358,0.00154,-14.46,108.764,0.0423,0.965,reggae
0,0.0307,0.814,0.676,0.0114,-7.993,121.989,0.376,0.308,reggae
0,0.43,0.663,0.6,0.0,-10.87,129.991,0.184,0.8,reggae
0,0.0333,0.803,0.536,1.3e-05,-5.136,126.039,0.174,0.584,reggae
0,0.00968,0.754,0.479,0.0,-15.932,118.449,0.167,0.747,reggae
0,0.532,0.613,0.391,2.63e-05,-10.749,123.985,0.109,0.218,reggae
0,0.658,0.66,0.541,0.00127,-7.851,93.744,0.0928,0.693,reggae
0,0.105,0.796,0.667,8.24e-05,-6.322,147.372,0.0933,0.958,reggae
0,0.143,0.932,0.469,4.43e-06,-8.66,124.115,0.0586,0.747,reggae
0,0.645,0.671,0.519,0.000368,-11.165,77.532,0.31,0.939,reggae
0,0.202,0.747,0.692,3.39e-05,-8.956,118.698,0.0698,0.904,reggae
0,0.0361,0.73,0.561,0.0473,-12.851,80.892,0.0493,0.691,reggae
0,0.102,0.934,0.467,3.98e-05,-10.99,123.583,0.109,0.73,reggae
0,0.399,0.61,0.658,0.0,-5.867,72.51,0.114,0.249,reggae
0,0.514,0.619,0.325,0.000226,-16.095,175.0,0.0596,0.918,reggae
0,0.00364,0.78,0.58,1.03e-05,-15.238,116.192,0.0527,0.96,reggae
0,0.125,0.917,0.379,0.000272,-16.672,131.666,0.0378,0.832,reggae
0,0.0449,0.837,0.65,0.000108,-8.695,121.752,0.204,0.817,reggae
0,0.363,0.923,0.728,0.000169,-8.518,103.299,0.0941,0.751,reggae
0,0.412,0.788,0.653,7.41e-06,-8.367,96.582,0.0595,0.696,reggae
0,0.957,0.674,0.406,0.017,-8.731,116.28,0.25,0.448,reggae
0,0.246,0.907,0.695,0.0,-6.268,101.007,0.0808,0.961,reggae
0,0.0124,0.787,0.727,0.0,-7.705,173.025,0.157,0.936,reggae
0,0.278,0.344,0.477,0.0128,-10.266,143.78,0.136,0.182,reggae
0,0.292,0.69,0.651,0.00241,-8.267,97.918,0.105,0.706,reggae
0,0.0292,0.769,0.457,3.07e-05,-11.501,78.789,0.0599,0.806,reggae
0,0.195,0.524,0.519,0.0,-11.903,110.121,0.523,0.847,reggae
0,0.00482,0.799,0.662,0.000505,-8.585,120.082,0.0484,0.717,reggae
0,0.0197,0.794,0.57,0.014,-7.753,143.977,0.104,0.575,reggae
0,0.162,0.701,0.68,0.00101,-9.269,170.257,0.0647,0.965,reggae
0,0.162,0.756,0.558,5.5e-06,-16.157,97.002,0.0748,0.802,reggae
0,0.159,0.898,0.365,9.28e-06,-10.452,98.53,0.132,0.563,reggae
0,0.00382,0.767,0.568,0.0,-8.516,105.571,0.0448,0.901,reggae
0,0.57,0.796,0.401,0.0,-9.696,147.81,0.0983,0.818,reggae
0,0.221,0.714,0.561,0.0,-12.986,96.12,0.116,0.647,reggae
0,0.503,0.51,0.48,0.0,-6.567,182.862,0.106,0.496,reggae
0,0.0532,0.741,0.758,0.0,-10.791,111.617,0.0412,0.883,reggae
0,0.149,0.731,0.666,3.35e-06,-9.568,90.836,0.102,0.865,reggae
0,0.498,0.523,0.366,0.0,-14.069,142.814,0.094,0.291,reggae
0,0.0396,0.326,0.579,1.17e-06,-8.399,196.041,0.194,0.263,reggae
0,0.19,0.826,0.803,0.0,-8.174,136.057,0.27,0.534,reggae
0,0.257,0.545,0.511,1.61e-06,-9.373,94.092,0.111,0.218,reggae
0,0.329,0.396,0.312,0.0,-10.165,110.235,0.359,0.319,reggae
0,0.354,0.672,0.558,0.0,-9.513,98.28,0.111,0.376,reggae
0,0.0929,0.789,0.444,0.000551,-13.998,96.893,0.156,0.968,reggae
0,0.238,0.453,0.557,0.0,-8.933,98.93,0.0462,0.612,reggae
0,0.00361,0.589,0.752,0.0,-8.581,113.114,0.0782,0.895,reggae
0,0.315,0.558,0.481,8.83e-06,-9.487,144.673,0.09,0.631,reggae
0,0.0244,0.563,0.74,0.0,-4.755,91.206,0.111,0.503,reggae
0,0.282,0.673,0.727,0.0,-6.587,121.016,0.178,0.782,reggae
0,0.0875,0.593,0.56,0.132,-12.834,88.001,0.0742,0.541,reggae
0,0.699,0.759,0.563,0.619,-8.643,136.67,0.144,0.86,reggae
0,0.135,0.828,0.578,0.0,-7.825,128.087,0.0592,0.893,reggae
0,0.872,0.472,0.373,0.206,-12.98,135.193,0.147,0.459,reggae
0,0.00688,0.805,0.606,0.0,-6.794,122.111,0.116,0.899,reggae
0,0.496,0.825,0.74,4.67e-06,-10.357,121.195,0.0643,0.973,reggae
0,0.074,0.799,0.504,0.000609,-12.874,101.067,0.118,0.92,reggae
0,0.00441,0.559,0.764,0.0299,-7.058,143.319,0.0807,0.932,reggae
0,0.113,0.624,0.606,0.0,-11.368,121.411,0.261,0.947,reggae
0,0.17,0.615,0.917,0.00669,-7.318,104.879,0.287,0.766,reggae
0,0.592,0.539,0.807,0.0,-6.209,83.466,0.189,0.53,reggae
0,0.149,0.796,0.872,1.15e-05,-3.969,123.005,0.112,0.933,reggae
0,0.0137,0.641,0.796,0.000115,-8.56,123.229,0.358,0.727,reggae
0,0.0236,0.653,0.716,0.0,-6.376,80.981,0.166,0.928,reggae
0,0.242,0.374,0.445,0.00103,-13.024,166.117,0.17,0.23,reggae
0,0.438,0.704,0.816,0.00891,-7.121,131.577,0.354,0.83,reggae
0,0.0952,0.761,0.581,0.0,-13.548,111.808,0.14,0.891,reggae
0,0.0766,0.598,0.719,0.0,-4.306,68.01,0.346,0.373,reggae
0,0.366,0.623,0.529,0.0,-12.221,94.153,0.0554,0.57,reggae
0,0.233,0.654,0.567,0.0274,-8.766,78.788,0.357,0.956,reggae
0,0.0149,0.681,0.83,0.00376,-6.088,103.777,0.214,0.817,reggae
0,0.748,0.794,0.568,0.0,-9.159,116.062,0.144,0.873,reggae
0,0.143,0.67,0.637,0.0,-12.141,102.762,0.325,0.731,reggae
0,0.111,0.815,0.61,0.00368,-10.904,116.23,0.0639,0.953,reggae
0,0.155,0.303,0.543,6.72e-05,-7.958,186.017,0.117,0.541,reggae
0,0.0969,0.58,0.808,0.000316,-9.637,155.919,0.341,0.709,reggae
0,0.202,0.505,0.405,0.0,-9.308,89.086,0.106,0.12,reggae
0,0.0142,0.55,0.835,9.31e-05,-8.84,149.949,0.0409,0.552,reggae
0,0.73,0.278,0.259,0.0015,-13.566,61.602,0.251,0.134,reggae
0,0.0716,0.673,0.655,2.01e-06,-5.641,137.964,0.132,0.668,reggae
0,0.77,0.337,0.206,0.0,-10.969,169.772,0.109,0.319,reggae
0,0.112,0.737,0.555,0.00023,-10.423,137.912,0.0755,0.976,reggae
0,0.639,0.731,0.807,0.0,-5.521,123.986,0.271,0.963,reggae
0,0.52,0.658,0.611,0.0,-8.906,97.907,0.0631,0.632,reggae
0,0.618,0.868,0.468,0.000217,-9.83,98.939,0.133,0.643,reggae
0,0.56,0.644,0.511,0.0,-9.772,127.974,0.108,0.338,reggae
0,0.434,0.624,0.628,0.0,-9.846,108.102,0.179,0.783,reggae
0,0.28,0.364,0.894,0.0,-5.913,145.426,0.964,0.669,reggae
0,0.565,0.59,0.424,0.0,-9.446,73.998,0.116,0.236,reggae
0,0.0391,0.725,0.877,0.688,-9.118,118.01,0.375,0.961,reggae
0,0.402,0.585,0.631,0.000134,-10.009,87.021,0.201,0.697,reggae
0,0.536,0.362,0.611,0.0,-6.168,159.875,0.112,0.491,reggae
0,0.00611,0.55,0.876,4.44e-06,-3.934,120.014,0.0713,0.717,reggae
0,0.224,0.642,0.916,1.02e-05,-3.721,143.1,0.216,0.851,reggae
0,0.294,0.649,0.595,0.000455,-7.347,112.631,0.154,0.311,reggae
0,0.395,0.601,0.727,0.0,-5.494,173.958,0.0838,0.771,reggae
0,0.000906,0.295,0.984,9.46e-05,-4.089,199.957,0.0625,0.13,rock
0,0.000909,0.502,0.968,1.46e-06,-3.423,106.994,0.621,0.209,rock
0,0.00877,0.459,0.903,0.0,-4.649,76.185,0.168,0.364,rock
0,6.92e-05,0.426,0.946,7.04e-05,-3.089,174.052,0.331,0.433,rock
0,0.000285,0.53,0.988,0.0,-2.406,101.28,0.222,0.521,rock
0,0.000177,0.279,0.964,0.0769,-6.474,125.885,0.114,0.13,rock
0,0.00119,0.449,0.965,0.0,-3.259,165.96,0.105,0.268,rock
0,0.00958,0.5,0.833,0.0,-5.545,145.955,0.167,0.451,rock
0,0.0482,0.582,0.936,9.13e-06,-3.427,102.019,0.341,0.372,rock
0,0.000211,0.372,0.888,0.00442,-5.88,141.374,0.115,0.555,rock
0,0.255,0.58,0.488,2.63e-05,-10.585,131.998,0.108,0.13,rock
0,1.54e-05,0.309,0.97,1.57e-06,-3.734,179.837,0.29,0.291,rock
0,0.000262,0.657,0.823,0.801,-4.52,141.88,0.196,0.461,rock
0,0.000132,0.405,0.962,0.00132,-5.768,166.988,0.289,0.498,rock
0,0.0618,0.25,0.765,2.39e-06,-4.154,165.207,0.118,0.219,rock
0,0.00532,0.408,0.953,0.0,-3.883,177.94,0.338,0.291,rock
0,0.00393,0.615,0.858,0.0,-3.3,97.038,0.0789,0.323,rock
0,0.000641,0.558,0.793,2.93e-05,-6.861,75.999,0.731,0.457,rock
0,0.000954,0.546,0.934,2.53e-05,-2.993,129.967,0.193,0.633,rock
0,2.12e-05,0.386,0.977,0.241,-2.823,108.461,0.114,0.348,rock
0,0.057,0.561,0.828,0.0,-5.935,159.018,0.196,0.76,rock
0,0.000762,0.413,0.838,0.114,-6.183,120.304,0.305,0.132,rock
0,0.00114,0.478,0.972,0.000122,-4.157,100.05,0.354,0.245,rock
0,0.000372,0.389,0.885,0.000311,-5.063,164.989,0.202,0.187,rock
0,0.000143,0.251,0.949,0.00623,-7.901,167.971,0.0804,0.102,rock
0,0.000244,0.312,0.904,1.47e-05,-5.93,165.074,0.143,0.206,rock
0,0.00984,0.376,0.909,5.74e-05,-3.923,130.661,0.104,0.271,rock
0,0.000154,0.32,0.977,0.011,-4.481,175.231,0.0627,0.204,rock
0,0.0106,0.56,0.912,4.89e-06,-3.789,109.413,0.312,0.638,rock
0,3.52e-05,0.473,0.952,0.00681,-4.401,134.809,0.101,0.26,rock
0,4.58e-05,0.513,0.973,0.00326,-4.115,121.018,0.224,0.159,rock
0,0.0011,0.478,0.926,0.0,-4.728,92.994,0.447,0.312,rock
0,0.000184,0.423,0.988,0.0037,-2.514,114.526,0.324,0.1,rock
0,5.34e-05,0.46,0.968,0.0029,-5.429,130.007,0.133,0.262,rock
0,0.000443,0.452,0.961,1.15e-05,-3.085,162.036,0.44,0.547,rock
0,0.00144,0.586,0.85,0.0,-5.976,101.146,0.313,0.532,rock
0,0.00178,0.378,0.938,0.0,-5.692,150.164,0.124,0.202,rock
0,0.000513,0.5,0.927,0.00838,-4.007,109.02,0.181,0.26,rock
0,3.79e-05,0.416,0.933,0.00078,-4.156,159.96,0.283,0.44,rock
0,0.000368,0.281,0.952,0.0,-4.782,141.224,0.0944,0.453,rock
0,5.61e-05,0.539,0.985,0.0019,-2.044,118.007,0.388,0.403,rock
0,7.35e-05,0.362,0.997,8.04e-05,-4.151,76.48,0.33,0.187,rock
0,9.54e-05,0.458,0.944,0.0546,-6.674,160.144,0.365,0.528,rock
0,0.000242,0.559,0.942,0.0154,-5.388,137.96,0.327,0.732,rock
0,1.26e-05,0.202,0.983,0.0838,-5.633,135.1,0.111,0.157,rock
0,0.395,0.404,0.667,0.0,-6.624,150.046,0.0991,0.38,rock
0,0.00311,0.452,0.977,0.0,-3.283,167.939,0.377,0.295,rock
0,0.00225,0.357,0.829,0.0,-5.071,194.002,0.113,0.464,rock
0,0.000189,0.516,0.925,1.55e-06,-6.123,89.958,0.126,0.514,rock
0,0.00131,0.38,0.957,0.536,-4.576,180.013,0.346,0.466,rock
0,5.7e-05,0.376,0.982,5.41e-06,-3.779,148.926,0.16,0.15,rock
0,8.92e-05,0.537,0.972,0.00449,-4.115,105.019,0.256,0.236,rock
0,0.0013,0.568,0.931,0.0,-5.055,134.987,0.097,0.506,rock
0,1.41e-05,0.446,0.955,0.0468,-3.757,97.538,0.368,0.138,rock
0,1.05e-05,0.487,0.993,0.000587,-3.317,110.063,0.135,0.0791,rock
0,0.000304,0.352,0.967,0.0811,-4.326,177.407,0.356,0.271,rock
0,0.000203,0.531,0.981,0.197,-2.62,109.991,0.101,0.172,rock
0,0.000172,0.421,0.922,0.00176,-5.301,87.443,0.077,0.445,rock
0,0.00936,0.425,0.998,0.0,-0.871,194.818,0.344,0.131,rock
0,0.00165,0.483,0.957,0.000268,-5.019,143.876,0.101,0.195,rock
0,5.57e-05,0.544,0.976,0.0866,-5.215,115.004,0.098,0.18,rock
0,9.17e-05,0.467,0.98,0.0,-3.646,93.967,0.391,0.328,rock
0,0.025,0.448,0.772,0.0785,-6.35,145.029,0.155,0.149,rock
0,3.48e-05,0.399,0.968,5.08e-05,-2.719,93.144,0.325,0.149,rock
0,0.000876,0.223,0.95,0.421,-7.88,141.964,0.202,0.384,rock
0,0.00048,0.259,0.933,0.11,-6.167,145.777,0.399,0.0391,rock
0,0.000222,0.473,0.937,0.000135,-6.628,146.066,0.142,0.403,rock
0,0.000381,0.526,0.995,0.124,-0.616,110.025,0.0809,0.138,rock
0,0.0313,0.472,0.956,0.0,-4.505,149.941,0.166,0.0842,rock
0,1.08e-05,0.393,0.973,0.106,-3.559,174.964,0.234,0.229,rock
0,0.000782,0.545,0.945,0.0745,-5.92,99.964,0.123,0.347,rock
0,0.0057,0.517,0.971,3.75e-05,-5.189,135.004,0.325,0.363,rock
0,0.0014,0.485,0.968,8.19e-06,-4.864,91.973,0.23,0.269,rock
0,6.15e-05,0.448,0.963,0.000357,-4.748,109.971,0.0952,0.105,rock
0,8.3e-05,0.514,0.964,0.196,-6.78,97.492,0.137,0.404,rock
0,4.25e-05,0.517,0.967,0.849,-5.39,134.987,0.409,0.326,rock
0,0.000394,0.47,0.99,0.0,-2.851,102.542,0.0822,0.255,rock
0,0.000105,0.561,0.967,0.0268,-3.532,119.965,0.152,0.309,rock
0,1.93e-05,0.46,0.985,0.431,-3.602,95.002,0.629,0.152,rock
0,0.186,0.656,0.628,0.0314,-10.197,126.013,0.12,0.0841,rock
0,3.2e-05,0.193,0.996,2.53e-05,-4.4,145.053,0.44,0.26,rock
0,0.00318,0.41,0.712,0.28,-6.818,119.635,0.109,0.0511,rock
0,0.000179,0.487,0.958,0.0,-3.373,90.079,0.111,0.694,rock
0,0.000635,0.238,0.986,0.0,-3.675,112.991,0.335,0.0955,rock
0,0.000428,0.463,0.88,0.868,-4.372,92.126,0.203,0.29,rock
0,0.000985,0.373,0.963,0.0,-3.576,170.006,0.603,0.252,rock
0,4.05e-05,0.48,0.965,0.00753,-6.543,119.981,0.309,0.0494,rock
0,0.0145,0.546,0.977,0.0937,-4.503,127.971,0.366,0.4,rock
0,0.0127,0.544,0.918,1.62e-05,-7.161,130.04,0.0783,0.198,rock
0,9.47e-05,0.2,0.948,1.99e-06,-4.261,90.511,0.0651,0.254,rock
0,4.94e-05,0.49,0.991,0.000115,-3.917,101.978,0.316,0.142,rock
0,0.000246,0.259,0.94,0.715,-5.386,116.605,0.104,0.0365,rock
0,1.19e-05,0.225,0.978,0.00129,-3.506,199.941,0.398,0.12,rock
0,0.158,0.4,0.433,0.765,-13.354,124.468,0.0924,0.361,rock
0,0.000297,0.512,0.979,0.0,-3.704,119.977,0.137,0.343,rock
0,0.00168,0.514,0.994,0.0,-3.193,125.002,0.181,0.0644,rock
0,0.000649,0.339,0.963,0.0,-2.129,138.88,0.337,0.557,rock
0,1.31e-05,0.474,0.908,0.187,-5.248,160.078,0.628,0.344,rock
0,6.78e-06,0.52,0.95,0.0244,-3.912,125.016,0.287,0.346,rock
0,6.98e-05,0.568,0.921,0.000355,-5.006,115.011,0.339,0.469,rock
0,0.00131,0.208,0.787,0.0171,-6.763,170.626,0.0626,0.472,metal
0,0.000938,0.369,0.982,4.78e-05,-3.698,94.499,0.149,0.467,metal
0,0.00235,0.533,0.913,0.00131,-5.782,121.983,0.333,0.501,metal
0,4.84e-06,0.478,0.952,0.0248,-8.95,136.0,0.124,0.231,metal
0,0.453,0.303,0.471,0.0,-14.185,128.454,0.123,0.271,metal
0,0.00656,0.444,0.817,0.00297,-7.058,139.341,0.22,0.292,metal
0,0.000218,0.401,0.53,0.000299,-13.369,170.938,0.115,0.511,metal
0,4.04e-05,0.474,0.966,0.0664,-4.828,95.005,0.0764,0.215,metal
0,9.41e-05,0.351,0.991,0.00265,-2.424,115.999,0.268,0.183,metal
0,0.000417,0.362,0.956,0.000789,-5.223,125.992,0.0825,0.313,metal
0,0.000667,0.53,0.913,0.000702,-10.876,114.326,0.18,0.572,metal
0,0.000702,0.477,0.94,3.61e-05,-4.838,125.842,0.467,0.461,metal
0,0.000212,0.322,0.991,0.0,-3.951,148.309,0.0388,0.172,metal
0,0.0024,0.547,0.953,0.405,-4.287,133.048,0.132,0.688,metal
0,3.06e-05,0.532,0.875,0.0195,-5.773,132.015,0.199,0.671,metal
0,3.15e-05,0.418,0.954,0.377,-6.82,148.164,0.363,0.621,metal
0,0.00581,0.423,0.983,0.0418,-3.39,106.246,0.53,0.0437,metal
0,0.0105,0.348,0.917,0.611,-6.454,155.06,0.236,0.342,metal
0,6.29e-05,0.485,0.963,0.00129,-4.37,100.036,0.161,0.388,metal
0,0.000969,0.476,0.987,0.0078,-3.634,167.033,0.268,0.425,metal
0,0.00286,0.464,0.747,0.000109,-5.913,136.459,0.125,0.182,metal
0,0.00449,0.377,0.842,0.189,-5.059,143.349,0.0571,0.622,metal
0,3.8e-05,0.17,0.989,0.544,-3.333,94.465,0.0725,0.343,metal
0,8.23e-05,0.406,0.775,0.078,-7.152,90.082,0.0615,0.459,metal
0,0.00242,0.358,0.952,0.00846,-7.722,144.354,0.353,0.39,metal
0,1.47e-05,0.447,0.978,0.0158,-4.513,140.004,0.326,0.227,metal
0,0.0122,0.363,0.778,0.543,-8.785,153.233,0.167,0.521,metal
0,0.000304,0.433,0.885,0.695,-6.215,82.53,0.503,0.674,metal
0,0.000809,0.457,0.979,0.0512,-4.278,93.604,0.28,0.442,metal
0,0.00847,0.526,0.93,3e-05,-7.606,97.04,0.338,0.499,metal
0,2.24e-05,0.432,0.933,0.086,-6.463,141.972,0.0264,0.348,metal
0,0.002,0.405,0.906,2.78e-05,-4.571,75.538,0.118,0.324,metal
0,0.000305,0.359,0.933,0.000805,-9.549,143.158,0.153,0.218,metal
0,0.000367,0.179,0.974,0.000696,-6.035,149.509,0.284,0.172,metal
0,0.000323,0.48,0.857,0.00117,-5.984,98.037,0.118,0.371,metal
0,5.46e-06,0.384,0.954,0.159,-4.936,136.069,0.165,0.201,metal
0,0.00284,0.418,0.808,0.0992,-6.925,101.842,0.45,0.747,metal
0,0.0161,0.414,0.975,4.23e-05,-5.119,131.304,0.35,0.392,metal
0,0.00361,0.495,0.853,0.0,-2.394,129.794,0.101,0.703,metal
0,0.00268,0.15,0.863,0.00425,-5.145,185.664,0.099,0.321,metal
0,3.17e-05,0.457,0.916,0.269,-7.99,74.423,0.322,0.542,metal
0,1.42e-05,0.236,0.928,0.0368,-7.411,134.188,0.125,0.245,metal
0,0.000165,0.424,0.881,5.84e-05,-5.372,119.428,0.679,0.44,metal
0,5.12e-06,0.548,0.992,0.0337,-3.238,124.528,0.0592,0.256,metal
0,0.00138,0.442,0.744,0.651,-10.347,128.002,0.166,0.244,metal
0,0.112,0.456,0.591,0.0533,-10.114,135.192,0.188,0.486,metal
0,0.0014,0.626,0.721,0.00575,-6.35,116.414,0.203,0.493,metal
0,0.000102,0.263,0.758,0.0212,-4.205,139.881,0.096,0.178,metal
0,1.66e-06,0.272,0.995,0.0144,-2.053,135.067,0.0603,0.175,metal
0,0.00885,0.304,0.931,0.816,-6.026,126.545,0.356,0.0763,metal
0,3.67e-05,0.371,0.972,8.76e-05,-4.64,180.02,0.403,0.171,metal
0,8.07e-06,0.185,0.953,0.868,-5.396,113.957,0.471,0.138,metal
0,2.46e-05,0.448,0.99,0.0208,-3.044,148.067,0.209,0.314,metal
0,1.84e-06,0.441,0.969,0.764,-6.043,114.944,0.366,0.284,metal
0,9.45e-05,0.234,0.946,0.837,-5.437,128.038,0.0925,0.0622,metal
0,3.02e-06,0.471,0.992,0.000497,-2.987,90.0,0.104,0.113,metal
0,8.94e-05,0.406,0.963,0.000232,-5.626,147.932,0.26,0.46,metal
0,1.45e-05,0.225,0.988,0.774,-4.074,106.875,0.321,0.14,metal
0,7.95e-06,0.44,0.946,0.683,-8.358,159.938,0.17,0.244,metal
0,7.12e-06,0.424,0.971,0.0302,-7.376,146.016,0.214,0.322,metal
0,0.00113,0.409,0.976,0.131,-8.37,91.037,0.615,0.387,metal
0,0.000515,0.211,0.981,0.00431,-3.415,169.556,0.0833,0.101,metal
0,4.19e-05,0.27,0.966,9.46e-05,-3.989,115.027,0.655,0.299,metal
0,0.00767,0.332,0.965,0.907,-9.103,94.853,0.369,0.227,metal
0,2.02e-05,0.472,0.966,2.43e-05,-4.344,95.022,0.138,0.387,metal
0,6.47e-06,0.412,0.99,2.5e-06,-6.116,105.042,0.0793,0.154,metal
0,5.19e-05,0.481,0.964,0.000485,-4.211,145.043,0.0582,0.479,metal
0,2.07e-06,0.42,0.989,0.744,-4.677,107.478,0.268,0.464,metal
0,0.0188,0.308,0.693,3.57e-05,-7.533,115.136,0.0643,0.33,metal
0,5.52e-06,0.268,0.815,0.409,-4.72,122.036,0.515,0.305,metal
0,0.000141,0.225,0.934,0.661,-5.962,155.998,0.216,0.448,metal
0,0.000284,0.263,0.967,0.0034,-3.765,82.944,0.497,0.352,metal
0,0.000117,0.27,0.997,0.000481,-4.404,140.574,0.1,0.0397,metal
0,0.00014,0.273,0.931,0.376,-9.533,95.04,0.262,0.2,metal
0,0.000237,0.122,0.976,0.783,-4.921,156.902,0.126,0.153,metal
0,2.77e-05,0.229,0.995,0.0201,-5.749,150.16,0.114,0.144,metal
0,3.15e-05,0.308,0.942,0.000165,-10.233,152.961,0.52,0.258,metal
0,1.39e-06,0.358,0.988,0.832,-4.868,160.041,0.0938,0.136,metal
0,0.0023,0.212,0.775,0.218,-5.665,131.368,0.193,0.224,metal
0,1.39e-05,0.525,0.961,0.117,-4.516,130.004,0.333,0.52,metal
0,2.57e-06,0.443,0.912,0.962,-6.945,126.948,0.435,0.155,metal
0,1.84e-05,0.425,0.946,0.533,-5.509,87.589,0.189,0.438,metal
0,0.0001,0.433,0.981,0.0489,-3.862,103.022,0.122,0.096,metal
0,1.6e-05,0.486,0.985,0.00153,-4.86,97.008,0.244,0.337,metal
0,0.000181,0.171,0.971,0.0593,-4.039,105.154,0.0896,0.0639,metal
0,8.41e-06,0.477,0.995,0.00146,-4.329,154.982,0.224,0.259,metal
0,0.000263,0.536,0.981,0.0378,-7.1,109.527,0.251,0.227,metal
0,2.6e-05,0.49,0.885,0.938,-6.797,130.019,0.454,0.784,metal
0,6.07e-05,0.388,0.929,0.336,-5.485,101.412,0.127,0.477,metal
0,2.54e-06,0.385,0.918,0.621,-6.566,74.968,0.14,0.19,metal
0,4.16e-05,0.154,0.978,0.821,-4.724,103.55,0.853,0.137,metal
0,4.97e-06,0.391,0.67,0.75,-7.096,134.89,0.0563,0.106,metal
0,1.94e-05,0.182,0.962,0.0102,-5.271,168.042,0.157,0.214,metal
0,0.113,0.462,0.492,0.00101,-10.355,118.97,0.13,0.422,metal
0,0.265,0.292,0.489,0.789,-8.165,65.741,0.25,0.0399,metal
0,0.00276,0.215,0.688,0.797,-10.244,167.085,0.122,0.0565,metal
0,0.00694,0.256,0.418,0.852,-10.764,174.07,0.121,0.0388,metal
0,0.198,0.152,0.0494,0.867,-10.617,82.826,0.0634,0.0336,metal
0,0.000118,0.294,0.807,0.847,-4.42,75.15,0.0858,0.384,metal
0,3.48e-06,0.303,0.868,0.841,-7.268,128.041,0.241,0.466,metal
0,0.156,0.82,0.464,0.0,-8.45,109.374,0.101,0.872,pop
0,0.0276,0.722,0.858,1.84e-05,-8.009,127.512,0.311,0.925,pop
0,0.0659,0.435,0.421,2.16e-06,-10.088,177.417,0.189,0.387,pop
0,0.216,0.308,0.853,0.00155,-4.427,199.364,0.154,0.591,pop
0,0.604,0.462,0.633,0.0,-8.206,138.989,0.0809,0.392,pop
0,0.289,0.818,0.768,4.73e-06,-6.975,121.562,0.107,0.922,pop
0,0.302,0.668,0.685,0.0,-6.533,125.475,0.137,0.903,pop
0,0.583,0.558,0.464,0.000133,-8.488,171.762,0.159,0.559,pop
0,0.0312,0.715,0.681,1.67e-05,-13.056,104.862,0.207,0.921,pop
0,0.48,0.743,0.642,8.34e-06,-11.897,103.858,0.212,0.906,pop
0,0.549,0.728,0.527,0.000122,-8.223,90.223,0.092,0.495,pop
0,0.0297,0.707,0.583,0.0,-13.189,123.3,0.124,0.85,pop
0,0.185,0.702,0.803,0.0,-9.129,108.499,0.562,0.882,pop
0,0.161,0.842,0.697,0.000101,-13.796,134.533,0.583,0.916,pop
0,0.074,0.692,0.79,0.711,-14.065,128.13,0.101,0.96,pop
0,0.185,0.722,0.538,0.000219,-11.163,96.418,0.266,0.682,pop
0,0.358,0.507,0.627,0.00167,-9.439,101.023,0.0434,0.95,pop
0,0.00637,0.651,0.952,0.119,-6.214,127.036,0.323,0.934,pop
0,0.00463,0.89,0.617,0.00385,-12.096,121.126,0.0291,0.97,pop
0,0.794,0.393,0.248,1.88e-06,-10.942,80.755,0.0953,0.203,pop
0,0.621,0.509,0.317,5.28e-05,-16.063,131.783,0.0878,0.247,pop
0,0.081,0.253,0.416,6.72e-06,-12.895,90.793,0.131,0.543,pop
0,0.815,0.337,0.171,0.000238,-12.479,124.688,0.0984,0.267,pop
0,0.185,0.58,0.582,0.00417,-13.034,92.01,0.335,0.497,pop
0,0.223,0.401,0.531,1.51e-05,-6.991,130.651,0.149,0.173,pop
0,0.34,0.52,0.652,5.49e-05,-6.655,80.609,0.256,0.722,pop
0,0.306,0.226,0.593,5.5e-05,-9.05,174.791,0.129,0.552,pop
0,0.454,0.355,0.615,0.0,-7.21,137.19,0.0477,0.603,pop
0,0.0014,0.746,0.703,0.00414,-7.853,111.569,0.066,0.733,pop
0,0.747,0.402,0.301,1.44e-05,-10.613,65.882,0.166,0.465,pop
0,0.953,0.428,0.244,0.000144,-15.447,100.495,0.102,0.39,pop
0,0.711,0.49,0.321,2.15e-06,-13.283,121.377,0.0372,0.229,pop
0,0.197,0.373,0.442,0.0,-10.725,82.328,0.285,0.499,pop
0,0.806,0.379,0.343,0.0,-12.993,184.301,0.0991,0.694,pop
0,0.872,0.472,0.373,0.206,-12.98,135.193,0.147,0.459,pop
0,0.0254,0.557,0.791,0.000264,-7.201,122.34,0.0605,0.895,pop
0,0.331,0.585,0.399,1.69e-05,-12.972,109.537,0.141,0.364,pop
0,0.248,0.469,0.278,0.000126,-16.311,169.735,0.133,0.331,pop
0,0.00861,0.215,0.459,0.00934,-13.406,50.732,0.0619,0.443,pop
0,0.135,0.643,0.568,0.0,-9.903,95.169,0.195,0.434,pop
0,0.367,0.64,0.406,0.0,-11.129,128.026,0.0865,0.233,pop
0,0.28,0.758,0.669,7.49e-05,-9.501,125.263,0.5,0.831,pop
0,0.0266,0.605,0.881,3.28e-06,-4.891,117.178,0.81,0.965,pop
0,0.184,0.62,0.556,0.0,-12.044,119.172,0.301,0.592,pop
0,0.613,0.506,0.279,0.00604,-13.048,81.651,0.0764,0.449,pop
0,0.0368,0.454,0.6,3.74e-06,-6.324,83.364,0.23,0.478,pop
0,0.541,0.221,0.264,0.0,-17.533,83.128,0.148,0.169,pop
0,0.124,0.626,0.565,0.0,-10.027,116.61,0.0811,0.924,pop
0,0.418,0.308,0.464,2.49e-06,-9.032,103.734,0.143,0.318,pop
0,0.532,0.424,0.443,0.000389,-13.45,131.675,0.673,0.391,pop
0,0.657,0.401,0.285,1.13e-05,-11.005,130.465,0.158,0.267,pop
0,0.151,0.36,0.298,2.72e-06,-10.468,79.55,0.34,0.266,pop
0,0.871,0.304,0.305,0.00368,-10.879,146.066,0.367,0.464,pop
0,0.114,0.677,0.509,0.0134,-7.472,93.042,0.0659,0.525,pop
0,0.359,0.349,0.344,0.000129,-13.206,142.441,0.603,0.228,pop
0,0.803,0.482,0.211,1.36e-05,-14.518,116.902,0.154,0.158,pop
0,0.932,0.335,0.303,0.0271,-10.943,114.224,0.0907,0.186,pop
0,0.559,0.604,0.384,0.000129,-14.49,139.009,0.0924,0.227,pop
0,0.878,0.16,0.123,2.24e-05,-18.111,67.006,0.157,0.239,pop
0,0.492,0.638,0.352,0.0,-9.266,94.173,0.105,0.204,pop
0,0.953,0.624,0.158,0.00135,-13.059,85.492,0.112,0.303,pop
0,0.431,0.493,0.339,0.00115,-14.067,114.129,0.115,0.642,pop
0,0.473,0.538,0.536,0.0,-10.36,119.31,0.18,0.54,pop
0,0.498,0.523,0.366,0.0,-14.069,142.814,0.094,0.291,pop
0,0.252,0.764,0.567,0.0,-13.361,108.805,0.104,0.79,pop
0,0.58,0.707,0.514,0.000159,-8.885,86.035,0.0953,0.524,pop
0,0.537,0.73,0.752,4.82e-06,-6.938,124.304,0.549,0.638,pop
0,0.0103,0.711,0.731,8.66e-05,-5.396,133.01,0.32,0.541,pop
0,0.207,0.709,0.824,0.000307,-8.824,118.814,0.0888,0.867,pop
0,0.0643,0.723,0.969,0.0,-4.516,126.653,0.115,0.728,pop
0,0.332,0.536,0.846,0.0,-4.661,154.744,0.047,0.79,pop
0,0.195,0.513,0.662,0.0,-6.058,134.128,0.101,0.261,pop
0,0.494,0.555,0.5,1.28e-06,-9.095,84.296,0.198,0.385,pop
0,0.0114,0.602,0.791,3.74e-06,-6.967,167.201,0.173,0.784,pop
0,0.631,0.75,0.76,0.0,-3.583,141.043,0.0724,0.788,pop
0,0.727,0.615,0.57,0.0,-6.564,111.927,0.0784,0.346,pop
0,0.129,0.55,0.78,1.85e-06,-5.55,117.654,0.132,0.794,pop
0,0.457,0.764,0.626,6.35e-06,-8.274,118.34,0.201,0.961,pop
0,0.115,0.75,0.897,0.00218,-4.487,115.943,0.355,0.61,pop
0,0.257,0.808,0.476,0.0138,-11.047,125.772,0.106,0.72,pop
0,0.281,0.758,0.612,0.00288,-11.403,106.945,0.0954,0.822,pop
0,0.0291,0.54,0.707,1.24e-06,-5.541,118.875,0.368,0.494,pop
0,0.201,0.832,0.544,0.000139,-12.697,119.49,0.632,0.928,pop
0,0.358,0.543,0.87,0.000939,-6.514,100.804,0.792,0.754,pop
0,0.113,0.734,0.45,1.13e-05,-13.92,127.46,0.296,0.595,pop
0,0.0962,0.59,0.868,0.000322,-5.832,184.348,0.442,0.798,pop
0,0.35,0.926,0.916,6.17e-06,-2.221,110.007,0.0234,0.904,pop
0,0.53,0.756,0.789,0.000711,-7.002,127.987,0.157,0.873,pop
0,0.295,0.749,0.748,0.000443,-7.011,137.547,0.469,0.827,pop
0,0.283,0.542,0.869,6.81e-05,-5.218,125.101,0.239,0.69,pop
0,0.0254,0.548,0.953,2.09e-06,-3.369,99.984,0.158,0.5,pop
0,0.0906,0.645,0.855,0.0,-5.63,147.007,0.114,0.649,pop
0,0.333,0.742,0.883,7.51e-06,-3.419,136.506,0.0964,0.978,pop
0,0.00799,0.644,0.566,1.34e-06,-8.941,122.501,0.187,0.459,pop
0,0.42,0.46,0.505,0.0,-5.487,135.757,0.134,0.22,pop
0,0.0663,0.644,0.619,0.000494,-14.015,119.616,0.107,0.679,pop
0,0.309,0.474,0.804,1.81e-06,-7.763,140.507,0.552,0.757,pop
0,0.141,0.743,0.846,1.28e-06,-4.602,138.048,0.394,0.775,pop
0,0.0149,0.681,0.83,0.00376,-6.088,103.777,0.214,0.817,pop
0,0.0263,0.585,0.911,0.0,-4.623,163.933,0.112,0.781,pop
0,0.0108,0.499,0.366,0.00208,-9.566,144.563,0.0851,0.418,blues
0,0.0883,0.524,0.486,0.835,-7.531,131.63,0.0964,0.601,blues
0,0.794,0.501,0.446,0.000711,-8.673,175.251,0.0978,0.356,blues
0,0.0253,0.589,0.679,0.00584,-5.628,85.865,0.167,0.716,blues
0,0.137,0.713,0.281,0.0258,-11.057,148.301,0.111,0.397,blues
0,0.0141,0.468,0.723,0.0194,-5.49,75.557,0.386,0.611,blues
0,0.0344,0.491,0.693,9.35e-05,-5.962,153.942,0.121,0.514,blues
0,0.457,0.549,0.562,0.21,-10.053,78.83,0.109,0.392,blues
0,0.0107,0.494,0.639,0.101,-4.783,123.942,0.143,0.2,blues
0,0.000261,0.405,0.654,0.125,-6.182,133.438,0.0825,0.409,blues
0,0.0248,0.788,0.789,0.00611,-6.836,95.028,0.118,0.784,blues
0,0.147,0.514,0.715,0.0,-7.943,120.881,0.371,0.733,blues
0,0.568,0.641,0.539,0.00186,-5.69,95.942,0.12,0.699,blues
0,0.413,0.677,0.367,1.98e-05,-14.149,162.264,0.144,0.513,blues
0,0.0582,0.525,0.879,0.00396,-4.927,118.079,0.123,0.842,blues
0,0.72,0.725,0.315,0.00259,-8.48,126.39,0.0869,0.298,blues
0,0.073,0.431,0.69,0.06,-7.42,148.335,0.293,0.192,blues
0,0.599,0.582,0.4,0.262,-9.343,90.16,0.448,0.621,blues
0,0.61,0.515,0.684,0.00328,-7.064,78.546,0.0382,0.38,blues
0,0.189,0.627,0.282,0.00123,-10.107,83.443,0.152,0.413,blues
0,0.0743,0.382,0.843,0.449,-5.047,110.218,0.0938,0.611,blues
0,0.157,0.82,0.548,0.000134,-9.577,112.133,0.0805,0.741,blues
0,0.221,0.442,0.469,0.111,-15.041,181.08,0.138,0.81,blues
0,0.00122,0.616,0.852,0.0227,-5.358,94.023,0.0923,0.636,blues
0,0.782,0.477,0.251,0.0387,-12.852,131.876,0.0842,0.114,blues
0,0.0161,0.293,0.475,0.0269,-8.651,85.523,0.113,0.168,blues
0,0.0214,0.751,0.674,0.000143,-12.976,117.969,0.32,0.696,blues
0,0.265,0.251,0.277,0.667,-5.901,138.627,0.199,0.0386,blues
0,0.416,0.508,0.526,1.3e-05,-9.617,143.804,0.113,0.716,blues
0,0.0418,0.571,0.852,2.37e-05,-5.752,92.155,0.0527,0.804,blues
0,0.283,0.458,0.355,0.456,-12.119,113.186,0.982,0.148,blues
0,0.231,0.606,0.646,0.00121,-8.485,86.771,0.0471,0.79,blues
0,0.651,0.379,0.279,0.0595,-11.842,150.761,0.0823,0.139,blues
0,0.000523,0.308,0.949,0.116,-3.639,172.597,0.197,0.582,blues
0,0.388,0.443,0.515,0.00118,-11.449,133.995,0.15,0.497,blues
0,0.684,0.446,0.463,0.00177,-7.437,97.19,0.163,0.565,blues
0,0.0299,0.393,0.604,0.0265,-8.368,137.997,0.08,0.304,blues
0,0.81,0.547,0.174,0.357,-15.047,135.133,0.105,0.246,blues
0,0.391,0.715,0.774,0.122,-7.471,110.359,0.219,0.784,blues
0,0.107,0.362,0.614,0.0012,-13.297,79.432,0.123,0.664,blues
0,0.0645,0.594,0.798,0.754,-5.617,126.217,0.272,0.815,blues
0,0.17,0.544,0.663,0.0239,-8.429,160.11,0.373,0.655,blues
0,0.171,0.656,0.551,0.000155,-14.141,125.659,0.0676,0.773,blues
0,0.362,0.349,0.523,0.000598,-7.749,169.283,0.386,0.311,blues
0,0.624,0.708,0.499,9.97e-05,-12.013,113.262,0.0488,0.757,blues
0,0.685,0.61,0.453,1.01e-05,-9.736,79.865,0.0648,0.728,blues
0,0.0315,0.76,0.776,0.000124,-5.094,99.006,0.102,0.935,blues
0,0.858,0.655,0.284,0.777,-16.159,86.002,0.11,0.334,blues
0,0.673,0.659,0.481,0.835,-6.785,97.965,0.175,0.503,blues
0,0.248,0.715,0.512,0.115,-10.248,99.701,0.0836,0.766,blues
0,0.0461,0.616,0.712,5.62e-05,-8.704,101.253,0.338,0.44,blues
0,0.0256,0.609,0.762,0.0896,-5.679,109.898,0.169,0.788,blues
0,0.647,0.564,0.274,0.303,-13.608,125.148,0.102,0.157,blues
0,0.564,0.764,0.442,0.0475,-9.002,74.229,0.159,0.45,blues
0,0.422,0.371,0.496,0.018,-7.069,163.548,0.113,0.386,blues
0,0.687,0.803,0.398,8.87e-06,-7.284,101.122,0.14,0.573,blues
0,0.372,0.729,0.509,0.0,-7.796,122.99,0.0982,0.322,blues
0,0.187,0.535,0.616,0.00137,-6.323,203.586,0.104,0.682,blues
0,0.645,0.606,0.535,0.744,-11.006,110.113,0.714,0.752,blues
0,0.127,0.264,0.613,0.00757,-7.092,209.627,0.349,0.248,blues
0,0.32,0.779,0.58,0.0167,-7.569,104.682,0.0709,0.93,blues
0,0.556,0.349,0.427,0.000991,-11.07,168.09,0.101,0.3,blues
0,0.408,0.552,0.751,0.845,-8.156,115.558,0.236,0.484,blues
0,0.0434,0.224,0.677,0.0633,-5.195,170.135,0.315,0.452,blues
0,0.203,0.403,0.651,0.515,-7.872,167.959,0.117,0.29,blues
0,0.0783,0.695,0.62,0.00633,-8.965,114.49,0.113,0.558,blues
0,0.00234,0.698,0.751,0.00523,-6.52,106.072,0.143,0.816,blues
0,0.924,0.557,0.121,8.66e-05,-13.073,108.876,0.11,0.326,blues
0,0.000388,0.344,0.725,0.0146,-5.368,178.788,0.112,0.706,blues
0,0.785,0.711,0.709,0.242,-5.889,98.202,0.239,0.697,blues
0,0.261,0.696,0.531,7.71e-06,-5.253,108.033,0.101,0.245,blues
0,0.201,0.615,0.74,0.000118,-4.225,148.049,0.351,0.771,blues
0,0.361,0.897,0.536,0.00679,-8.905,104.982,0.131,0.963,blues
0,0.0497,0.322,0.894,9.39e-06,-4.976,186.173,0.105,0.742,blues
0,0.00298,0.598,0.683,0.0252,-7.748,116.923,0.305,0.591,blues
0,0.398,0.423,0.498,0.159,-10.921,112.548,0.794,0.415,blues
0,0.375,0.509,0.595,0.0,-7.205,145.668,0.0645,0.493,blues
0,0.0188,0.515,0.946,0.00117,-4.996,96.066,0.226,0.537,blues
0,0.132,0.599,0.345,0.0448,-14.822,83.043,0.18,0.296,blues
0,0.00333,0.344,0.9,8.3e-06,-4.299,174.128,0.263,0.663,blues
0,0.0883,0.663,0.828,0.802,-8.043,127.986,0.06,0.928,blues
0,0.398,0.812,0.564,0.017,-8.628,109.135,0.0932,0.967,blues
0,0.0168,0.217,0.909,0.14,-5.08,185.561,0.345,0.673,blues
0,0.035,0.665,0.543,5.9e-06,-8.8,95.51,0.136,0.686,blues
0,0.0463,0.635,0.887,0.0433,-5.519,109.966,0.154,0.773,blues
0,0.0516,0.737,0.824,2.48e-06,-5.571,111.973,0.108,0.909,blues
0,0.644,0.515,0.5,2.24e-06,-8.986,155.383,0.119,0.634,blues
0,0.227,0.313,0.707,0.00237,-4.772,175.158,0.0949,0.537,blues
0,0.11,0.595,0.521,0.0369,-8.544,148.062,0.0956,0.66,blues
0,0.297,0.63,0.775,5.96e-05,-5.273,115.684,0.491,0.691,blues
0,0.236,0.634,0.368,3.39e-05,-14.953,102.446,0.0667,0.796,blues
0,0.448,0.552,0.682,7.89e-06,-8.322,151.113,0.0939,0.944,blues
0,0.327,0.716,0.693,0.0071,-6.291,102.129,0.0864,0.724,blues
0,0.346,0.701,0.424,0.000203,-7.012,75.529,0.258,0.437,blues
0,0.403,0.701,0.592,0.00592,-8.728,169.868,0.0927,0.829,blues
0,0.000876,0.781,0.564,0.00014,-6.685,114.007,0.361,0.809,blues
0,0.656,0.735,0.355,0.094,-19.032,93.553,0.119,0.724,blues
0,0.642,0.618,0.748,0.0484,-9.454,120.8,0.0785,0.904,blues
0,0.756,0.488,0.408,0.00125,-8.373,151.196,0.198,0.445,blues
0,0.485,0.71,0.514,0.000758,-7.461,115.493,0.145,0.457,blues
0,0.0278,0.725,0.64,0.0,-7.905,166.029,0.099,0.915,hiphop
0,0.0311,0.904,0.813,0.00697,-7.105,125.461,0.0471,0.81,hiphop
0,0.00806,0.812,0.714,0.0,-8.045,94.612,0.179,0.69,hiphop
0,0.00332,0.687,0.785,0.0,-4.953,186.244,0.0516,0.785,hiphop
0,0.222,0.718,0.812,1.41e-06,-6.977,93.629,0.147,0.706,hiphop
0,0.192,0.821,0.703,0.0,-8.464,105.154,0.0816,0.536,hiphop
0,0.0219,0.835,0.707,2.19e-05,-5.074,93.955,0.108,0.919,hiphop
0,0.34,0.713,0.91,0.0,-5.586,83.028,0.304,0.51,hiphop
0,0.0582,0.833,0.815,0.000569,-4.563,94.009,0.281,0.76,hiphop
0,0.151,0.722,0.745,6.26e-06,-6.059,95.021,0.337,0.607,hiphop
0,0.00852,0.843,0.508,2.1e-06,-13.918,91.094,0.648,0.704,hiphop
0,0.21,0.601,0.422,0.0,-13.364,132.456,0.0839,0.563,hiphop
0,0.00435,0.608,0.669,0.0109,-10.834,202.062,0.337,0.679,hiphop
0,0.0294,0.918,0.734,7.9e-06,-2.832,97.044,0.191,0.608,hiphop
0,0.0298,0.759,0.891,0.0,-2.983,98.579,0.141,0.587,hiphop
0,0.0108,0.734,0.673,0.0,-7.223,99.97,0.404,0.415,hiphop
0,0.0468,0.805,0.754,1.79e-06,-6.679,90.214,0.0855,0.844,hiphop
0,0.0259,0.912,0.511,0.0,-6.365,101.628,0.0442,0.611,hiphop
0,0.41,0.721,0.881,7.61e-06,-2.528,127.759,0.292,0.643,hiphop
0,0.273,0.713,0.678,0.0,-3.525,138.009,0.149,0.734,hiphop
0,0.00544,0.92,0.61,0.0,-6.615,139.096,0.0938,0.428,hiphop
0,0.348,0.935,0.611,6.9e-06,-8.689,126.008,0.0825,0.785,hiphop
0,0.000738,0.777,0.657,3.34e-06,-6.434,189.992,0.0932,0.245,hiphop
0,0.0153,0.768,0.867,0.000385,-3.652,96.431,0.0686,0.559,hiphop
0,0.00542,0.875,0.631,2.54e-06,-3.475,120.002,0.127,0.549,hiphop
0,0.0196,0.674,0.909,0.0,-2.267,100.058,0.653,0.666,hiphop
0,0.433,0.712,0.805,0.0,-3.142,94.973,0.179,0.851,hiphop
0,0.00485,0.872,0.814,1.96e-06,-4.568,98.985,0.214,0.57,hiphop
0,0.017,0.879,0.681,0.0,-8.951,99.974,0.0669,0.817,hiphop
0,0.235,0.548,0.938,0.0,-4.97,98.868,0.531,0.334,hiphop
0,0.0251,0.743,0.675,0.000717,-4.267,92.909,0.0685,0.59,hiphop
0,0.121,0.788,0.842,0.00112,-4.006,190.077,0.166,0.481,hiphop
0,0.275,0.945,0.522,1.56e-05,-8.211,111.129,0.093,0.593,hiphop
0,0.0234,0.876,0.71,0.000161,-6.446,121.072,0.0573,0.828,hiphop
0,0.31,0.596,0.661,0.0,-6.239,129.491,0.0847,0.86,hiphop
0,0.0453,0.63,0.48,0.0,-5.502,172.887,0.832,0.427,hiphop
0,0.145,0.87,0.876,1.55e-05,-2.999,104.985,0.841,0.861,hiphop
0,0.061,0.842,0.748,0.0,-5.361,101.753,0.0877,0.622,hiphop
0,0.0177,0.905,0.492,0.0,-8.953,140.076,0.0994,0.605,hiphop
0,0.0689,0.854,0.602,0.0,-10.162,99.429,0.292,0.592,hiphop
0,0.307,0.812,0.773,0.0,-6.465,131.05,0.0966,0.545,hiphop
0,0.0647,0.938,0.59,0.0,-7.117,100.07,0.086,0.465,hiphop
0,0.000677,0.899,0.811,0.0,-6.294,105.038,0.0672,0.587,hiphop
0,0.0316,0.808,0.752,2.5e-05,-5.024,113.993,0.405,0.568,hiphop
0,0.00933,0.938,0.562,0.00526,-9.555,114.184,0.24,0.635,hiphop
0,0.00952,0.588,0.877,0.0,-4.78,155.165,0.171,0.645,hiphop
0,0.00494,0.624,0.766,0.0,-6.31,91.727,0.107,0.714,hiphop
0,0.0131,0.745,0.62,0.0,-8.24,99.985,0.118,0.603,hiphop
0,0.289,0.749,0.439,1.23e-06,-11.274,81.085,0.165,0.557,hiphop
0,0.0142,0.746,0.825,0.0107,-4.666,152.914,0.121,0.584,hiphop
0,0.189,0.734,0.808,0.699,-6.448,114.764,0.315,0.805,hiphop
0,0.00798,0.826,0.67,0.0,-5.559,74.007,0.495,0.794,hiphop
0,0.0554,0.717,0.386,5.16e-06,-7.052,205.006,0.0353,0.863,hiphop
0,0.0124,0.753,0.899,0.000954,-5.404,97.985,0.0402,0.79,hiphop
0,0.191,0.706,0.702,0.0,-4.978,94.492,0.273,0.798,hiphop
0,0.233,0.546,0.538,0.0,-7.886,182.12,0.118,0.58,hiphop
0,0.178,0.774,0.688,4e-06,-5.088,107.011,0.0701,0.745,hiphop
0,0.548,0.744,0.549,0.0,-6.041,110.004,0.137,0.277,hiphop
0,0.245,0.777,0.829,0.0,-6.905,87.998,0.207,0.835,hiphop
0,0.154,0.854,0.658,0.00914,-6.932,137.949,0.102,0.855,hiphop
0,0.0183,0.796,0.615,0.0,-5.053,101.978,0.0463,0.733,hiphop
0,0.236,0.813,0.704,0.0,-3.427,95.067,0.098,0.792,hiphop
0,0.373,0.683,0.748,0.00881,-6.981,132.486,0.06,0.828,hiphop
0,0.0723,0.744,0.82,1.23e-06,-5.624,162.592,0.235,0.924,hiphop
0,0.0279,0.683,0.657,4.49e-05,-10.668,99.059,0.367,0.764,hiphop
0,0.0367,0.72,0.434,1.52e-05,-9.08,94.421,0.318,0.756,hiphop
0,0.0312,0.838,0.72,1.11e-05,-6.593,93.76,0.422,0.845,hiphop
0,0.00123,0.624,0.674,0.00293,-5.329,81.096,0.194,0.44,hiphop
0,0.0106,0.66,0.71,7.01e-06,-4.541,97.988,0.0736,0.233,hiphop
0,0.281,0.833,0.437,0.0202,-10.68,133.958,0.0692,0.852,hiphop
0,0.19,0.685,0.62,0.0,-6.665,82.52,0.158,0.372,hiphop
0,0.372,0.611,0.654,0.00432,-4.823,105.922,0.0926,0.609,hiphop
0,0.0405,0.843,0.608,0.0,-5.289,99.996,0.116,0.59,hiphop
0,0.0678,0.831,0.713,0.0,-6.967,99.584,0.0659,0.683,hiphop
0,0.352,0.803,0.454,0.0,-4.802,99.99,0.0655,0.739,hiphop
0,0.00332,0.854,0.637,0.0,-5.877,158.015,0.103,0.509,hiphop
0,0.0296,0.764,0.525,0.0,-5.969,95.813,0.0993,0.787,hiphop
0,0.184,0.774,0.812,0.0,-5.446,103.878,0.0757,0.743,hiphop
0,0.246,0.909,0.842,0.0,-4.51,99.983,0.289,0.922,hiphop
0,0.00129,0.891,0.558,0.0,-3.036,101.952,0.0287,0.747,hiphop
0,0.459,0.819,0.579,0.00349,-9.813,99.945,0.205,0.53,hiphop
0,0.0665,0.656,0.479,0.00272,-7.055,184.374,0.168,0.708,hiphop
0,0.457,0.569,0.596,8.99e-05,-6.486,93.134,0.205,0.757,hiphop
0,0.00911,0.781,0.638,0.0,-12.305,100.231,0.0357,0.909,hiphop
0,0.114,0.589,0.477,0.0,-9.025,125.867,0.188,0.841,hiphop
0,0.246,0.693,0.665,0.0001,-7.235,93.044,0.0815,0.683,hiphop
0,0.189,0.807,0.58,2.29e-06,-13.201,101.067,0.0672,0.919,hiphop
0,0.0232,0.522,0.516,0.00114,-6.745,170.059,0.0434,0.879,hiphop
0,0.231,0.646,0.6,0.0,-6.569,192.082,0.0794,0.811,hiphop
0,0.297,0.779,0.715,0.0,-5.886,126.036,0.157,0.621,hiphop
0,0.23,0.659,0.812,0.0,-7.499,83.013,0.0951,0.888,hiphop
0,0.248,0.868,0.862,0.000202,-3.588,99.999,0.0478,0.944,hiphop
0,0.0504,0.753,0.885,0.000958,-5.509,102.785,0.366,0.863,hiphop
0,0.194,0.657,0.629,0.0,-4.938,93.985,0.254,0.726,hiphop
0,0.0379,0.764,0.72,0.0,-4.147,99.095,0.117,0.476,hiphop
0,0.107,0.565,0.873,0.0,-5.906,130.422,0.332,0.755,hiphop
0,0.0194,0.79,0.702,0.0,-7.316,103.651,0.411,0.782,hiphop
0,0.606,0.765,0.637,0.0,-9.146,87.398,0.14,0.716,hiphop
0,0.33,0.893,0.433,0.0,-5.88,86.01,0.395,0.675,hiphop
0,0.0276,0.754,0.793,0.0,-6.542,138.979,0.0931,0.509,hiphop
